Method,Name,Error,Occurrences
GET,/meetings/{id},"""HTTPError('500 Server Error: Internal Server Error for url: http://app:5000/meetings/650f09a91a7d8d7c12119df4729161be')""",1
GET,/meetings/{id},"""HTTPError('500 Server Error: Internal Server Error for url: http://app:5000/meetings/4075d442501fa5a48f6d1385c69d6b1f')""",1
GET,/meetings/{id},"""HTTPError('500 Server Error: Internal Server Error for url: http://app:5000/meetings/51ac6f1cab2dfcc6ca4b14d7a41fabc2')""",1
GET,/meetings/find/people/{email},"""HTTPError('404 Client Error: Not Found for url: http://app:5000/meetings/find/people/648@company.com')""",2
GET,/meetings/{id},"""HTTPError('500 Server Error: Internal Server Error for url: http://app:5000/meetings/0396bc9dece2cc597c6944d65e9500cd')""",1
GET,/meetings/find/people/{email},"""HTTPError('404 Client Error: Not Found for url: http://app:5000/meetings/find/people/815@company.com')""",1
GET,/meetings/find/people/{email},"""HTTPError('404 Client Error: Not Found for url: http://app:5000/meetings/find/people/620@company.com')""",2
GET,/meetings/{id},"""HTTPError('500 Server Error: Internal Server Error for url: http://app:5000/meetings/10a9902cd80fd4f6f9f52141c8ad8467')""",1
GET,/meetings/{id},"""HTTPError('500 Server Error: Internal Server Error for url: http://app:5000/meetings/f0fcac805d096182880ddf273af337fb')""",1
